<?xml version="1.0" ?>
<schema xmlns:xsi="http://www.w3.org/2001/XMLSchema-instance"
        xsi:noNamespaceSchemaLocation="urn:magento:framework:Setup/Declaration/Schema/etc/schema.xsd">
    <table name="vdcstore_auto_cancel" resource="default" engine="innodb" comment="vdcstore_auto_cancel Table">
        <column xsi:type="int" name="id" padding="10" unsigned="true" nullable="false" identity="true"
                comment="Entity Id"/>
        <constraint xsi:type="primary" referenceId="PRIMARY">
            <column name="id"/>
        </constraint>
        <column name="content" nullable="true" xsi:type="text" comment="content"/>
       <column xsi:type="timestamp" name="created_at" nullable="false" default="CURRENT_TIMESTAMP" on_update="false" comment="Created Datetime"/>
 </table>
</schema>
