<?xml version="1.0"?>

<config xmlns:xsi="http://www.w3.org/2001/XMLSchema-instance"
        xsi:noNamespaceSchemaLocation="urn:magento:framework:ObjectManager/etc/config.xsd">
    <virtualType name="AllnewsGridDataProvider"
                 type="Magento\Framework\View\Element\UiComponent\DataProvider\DataProvider">
        <arguments>
            <argument name="collection" xsi:type="object" shared="false">
                Vdcstore\AutoCancel\Model\ResourceModel\Post\Collection
            </argument>
        </arguments>
    </virtualType>
    <type name="Magento\Framework\View\Element\UiComponent\DataProvider\CollectionFactory">
        <arguments>
            <argument name="collections" xsi:type="array">
                <item name="auto_post_listing_data_source" xsi:type="string">
                    Vdcstore\AutoCancel\Model\ResourceModel\Post\Grid\Collection
                </item>
            </argument>
        </arguments>
    </type>
    <type name="Vdcstore\AutoCancel\Model\ResourceModel\Post\Grid\Collection">
        <arguments>
            <argument name="mainTable" xsi:type="string">vdcstore_auto_cancel</argument>
            <argument name="eventPrefix" xsi:type="string">auto_post_collection</argument>
            <argument name="eventObject" xsi:type="string">post_collection</argument>
            <argument name="resourceModel" xsi:type="string">Vdcstore\AutoCancel\Model\ResourceModel\Post</argument>
        </arguments>
    </type>
</config>
