<?xml version="1.0"?>
<config xmlns:xsi="http://www.w3.org/2001/XMLSchema-instance"
        xsi:noNamespaceSchemaLocation="urn:magento:module:Magento_Config:etc/system_file.xsd">
    <system>
        <tab id="vdcstore" translate="label" sortOrder="10">
            <label>Vdcstore</label>
        </tab>
        <section id="autocancel" translate="label" sortOrder="130" showInDefault="1" showInWebsite="1" showInStore="1">
            <class>separator-top</class>
            <label>Auto Cancel</label>
            <tab>vdcstore</tab>
            <resource>Vdcstore_AutoCancel::vdcstore_config_auto_cancel</resource>
            <group id="general" translate="label" type="text" sortOrder="10" showInDefault="1" showInWebsite="0"
                   showInStore="0">
                <label>Configuration</label>
                <field id="enable" translate="label" type="select" sortOrder="1" showInDefault="1" showInWebsite="1"
                       showInStore="1">
                    <label>Auto Invoice</label>
                    <source_model>Magento\Config\Model\Config\Source\Enabledisable</source_model>
                </field>
                <field id="start_date" translate="label comment" sortOrder="4" type="text" showInDefault="1"
                       showInStore="1">
                    <label>Start Date</label>
                    <frontend_model>Vdcstore\AutoCancel\Block\DatePicker</frontend_model>
                    <depends>
                        <field id="enable">1</field>
                    </depends>
                </field>
                <field id="status" translate="label comment" type="multiselect" sortOrder="40" showInDefault="1"
                       showInWebsite="1" showInStore="1">
                    <label>Order Status</label>
                    <source_model>Vdcstore\AutoCancel\Model\Config\Source\OrderStatus</source_model>
                      <depends>
                        <field id="enable">1</field>
                    </depends>
                </field>
                <field id="apply_on_payment_methods" translate="label" sortOrder="4" showInDefault="1" showInWebsite="0"
                       showInStore="0">
                    <label>Apply on Payment Methods</label>
                    <frontend_model>Vdcstore\AutoCancel\Block\Adminhtml\System\Config\Form\Field\PaymentMethodFields</frontend_model>
                    <backend_model>Vdcstore\AutoCancel\Model\Config\Backend\PaymentMethodFields</backend_model>
                    <comment>Select the number of hours or day for cancellation</comment>
                    <depends>
                        <field id="enable">1</field>
                    </depends>
                </field>
                <field id="apply_noww" translate="label" type="button" sortOrder="10" showInDefault="1"
                       showInWebsite="1" showInStore="1">
                    <label>Apply Now</label>
                    <frontend_model>Vdcstore\AutoCancel\Block\Adminhtml\System\Config\ApplyNow</frontend_model>
                    <comment>Click And Cancel Order Without Time Wait</comment>
                    <depends>
                        <field id="enable">1</field>
                    </depends>
                </field>
                <field id="showlogg" translate="label" type="button" sortOrder="12" showInDefault="1" showInWebsite="1"
                       showInStore="1">
                    <label>Show Cancel Order Log</label>
                    <frontend_model>Vdcstore\AutoCancel\Block\Adminhtml\System\Config\Showlog</frontend_model>
                    <comment>Show All AutoMatic Cancelation Order</comment>
                    <depends>
                        <field id="enable">1</field>
                    </depends>
                </field>
            </group>
        </section>
    </system>
</config>
